DeviceMoId,Firmware,MemorySpeed,MgmtIpAddress,Model,Name,NumCpuCores,NumCpus,PlatformType,Serial
66fc5b746f7261301feaa417,4.3(3.240043),3200,172.20.4.11,UCSC-C220-M6S,hciproc-cimc-04-1,64,2,IMCRack,WZP280291W2
66fc5b746f7261301feaa456,4.3(3.240043),3200,172.20.4.12,UCSC-C220-M6S,hciproc-cimc-04.2,64,2,IMCRack,WZP280291XB
66fc5b736f7261301feaa3e4,4.3(2.240009),3200,172.20.3.41,UCSC-C220-M6S,vProc-cimc-03-1,64,2,IMCRack,WZP28029CJK
66fc5b746f7261301feaa429,4.3(2.240009),3200,172.20.3.42,UCSC-C220-M6S,vProc-cimc-03-2,64,2,IMCRack,WZP280297XM
66fc5b746f7261301feaa43e,4.3(2.240009),3200,172.20.4.42,UCSC-C220-M6S,vProc-cimc-04-2,64,2,IMCRack,WZP28029CJP
66fc5b746f7261301feaa495,4.3(3.240043),3200,172.20.3.11,UCSC-C220-M6S,hciproc-cimc-03-1,64,2,IMCRack,WZP28029CJ7
66fc5b756f7261301feaa4c4,4.3(3.240043),3200,172.20.3.12,UCSC-C220-M6S,hciproc-cimc-03-2,64,2,IMCRack,WZP280297YE
66fc5b746f7261301feaa3f9,4.3(2.240009),3200,172.20.1.201,UCSC-C220-M6S,C220-WZP28029CJC,64,2,IMCRack,WZP28029CJC
66fc5b756f7261301feaa4d7,4.3(2.240009),3200,172.20.4.41,UCSC-C220-M6S,vProc-cimc-04-1,64,2,IMCRack,WZP280297WW
