DeviceMoId,Firmware,MemorySpeed,MgmtIpAddress,Model,Name,NumCpuCores,NumCpus,PlatformType,Serial
6459829e6f72612d30310428,4.2(2g),2666,172.20.1.231,HXAF220C-M5SX,dev-hx-04,36,2,IMCM5,WMP251000LZ
6459829e6f72612d3031044e,4.2(2g),2666,172.20.1.229,HXAF220C-M5SX,dev-hx-02,36,2,IMCM5,WMP2510012P
645982f56f72612d303104c9,4.2(2g),2666,172.20.1.230,HXAF220C-M5SX,dev-hx-03,36,2,IMCM5,WMP251000LH
645983aa6f72612d3031056a,4.2(2g),2666,172.20.1.228,HXAF220C-M5SX,dev-hx-01,36,2,IMCM5,WMP251000LX
6697e3586f7261301f21fffd,4.3(3.240043),3200,192.168.200.31,UCSC-C220-M6S,nutanix-01,64,2,IMCRack,WZP27380DHZ
6697e3946f7261301f22003b,4.3(3.240043),3200,192.168.200.32,UCSC-C220-M6S,nutanix-02,64,2,IMCRack,WZP27380DF2
6697e3946f7261301f220053,4.3(3.240043),3200,192.168.200.33,UCSC-C220-M6S,nutanix-03,64,2,IMCRack,WZP27380DJ3
